"Geschäft";"Geschäfts ID";"Datum";"Währung";"Zahlungsart";"Trinkgeld-Betrag"
"Suedseite - Coffee Roasters & Bakery";"56297";"2025-01-03";"EUR";"SUMUP";"1,00"
"Suedseite - Coffee Roasters & Bakery";"56297";"2025-01-03";"EUR";"SUMUP";"1,05"
"Suedseite - Coffee Roasters & Bakery";"56297";"2025-01-03";"EUR";"SUMUP";"1,36"
"Suedseite - Coffee Roasters & Bakery";"56297";"2025-01-03";"EUR";"SUMUP";"1,13"
"Suedseite - Coffee Roasters & Bakery";"56297";"2025-01-03";"EUR";"SUMUP";"1,00"
"Suedseite - Coffee Roasters & Bakery";"56297";"2025-01-03";"EUR";"SUMUP";"1,00"
"Suedseite - Coffee Roasters & Bakery";"56297";"2025-01-03";"EUR";"SUMUP";"1,00"
"Suedseite - Coffee Roasters & Bakery";"56297";"2025-01-03";"EUR";"SUMUP";"1,00"
"Suedseite - Coffee Roasters & Bakery";"56297";"2025-01-03";"EUR";"SUMUP";"1,02"
"Suedseite - Coffee Roasters & Bakery";"56297";"2025-01-03";"EUR";"SUMUP";"2,87"
"Suedseite - Coffee Roasters & Bakery";"56297";"2025-01-03";"EUR";"SUMUP";"1,41"
"Suedseite - Coffee Roasters & Bakery";"56297";"2025-01-03";"EUR";"SUMUP";"1,00"
"Suedseite - Coffee Roasters & Bakery";"56297";"2025-01-03";"EUR";"SUMUP";"1,00"
"Suedseite - Coffee Roasters & Bakery";"56297";"2025-01-03";"EUR";"SUMUP";"2,00"
"Suedseite - Coffee Roasters & Bakery";"56297";"2025-01-03";"EUR";"SUMUP";"2,97"
"Suedseite - Coffee Roasters & Bakery";"56297";"2025-01-03";"EUR";"SUMUP";"4,02"
"Suedseite - Coffee Roasters & Bakery";"56297";"2025-01-03";"EUR";"SUMUP";"1,00"
"Suedseite - Coffee Roasters & Bakery";"56297";"2025-01-03";"EUR";"SUMUP";"1,19"
"Suedseite - Coffee Roasters & Bakery";"56297";"2025-01-04";"EUR";"SUMUP";"1,35"
"Suedseite - Coffee Roasters & Bakery";"56297";"2025-01-04";"EUR";"SUMUP";"1,00"
"Suedseite - Coffee Roasters & Bakery";"56297";"2025-01-04";"EUR";"SUMUP";"1,00"
"Suedseite - Coffee Roasters & Bakery";"56297";"2025-01-04";"EUR";"SUMUP";"1,00"
"Suedseite - Coffee Roasters & Bakery";"56297";"2025-01-04";"EUR";"SUMUP";"1,00"
"Suedseite - Coffee Roasters & Bakery";"56297";"2025-01-04";"EUR";"SUMUP";"1,34"
"Suedseite - Coffee Roasters & Bakery";"56297";"2025-01-04";"EUR";"SUMUP";"1,00"
"Suedseite - Coffee Roasters & Bakery";"56297";"2025-01-04";"EUR";"SUMUP";"1,00"
"Suedseite - Coffee Roasters & Bakery";"56297";"2025-01-04";"EUR";"SUMUP";"1,00"
"Suedseite - Coffee Roasters & Bakery";"56297";"2025-01-04";"EUR";"SUMUP";"1,16"
"Suedseite - Coffee Roasters & Bakery";"56297";"2025-01-04";"EUR";"SUMUP";"2,12"
"Suedseite - Coffee Roasters & Bakery";"56297";"2025-01-04";"EUR";"SUMUP";"1,00"
"Suedseite - Coffee Roasters & Bakery";"56297";"2025-01-04";"EUR";"SUMUP";"1,37"
"Suedseite - Coffee Roasters & Bakery";"56297";"2025-01-04";"EUR";"SUMUP";"1,00"
"Suedseite - Coffee Roasters & Bakery";"56297";"2025-01-04";"EUR";"SUMUP";"1,38"
"Suedseite - Coffee Roasters & Bakery";"56297";"2025-01-04";"EUR";"SUMUP";"1,00"
"Suedseite - Coffee Roasters & Bakery";"56297";"2025-01-04";"EUR";"SUMUP";"1,15"
"Suedseite - Coffee Roasters & Bakery";"56297";"2025-01-04";"EUR";"SUMUP";"1,61"
"Suedseite - Coffee Roasters & Bakery";"56297";"2025-01-04";"EUR";"SUMUP";"1,44"
"Suedseite - Coffee Roasters & Bakery";"56297";"2025-01-04";"EUR";"SUMUP";"1,00"
"Suedseite - Coffee Roasters & Bakery";"56297";"2025-01-04";"EUR";"SUMUP";"1,07"
"Suedseite - Coffee Roasters & Bakery";"56297";"2025-01-04";"EUR";"SUMUP";"1,96"
"Suedseite - Coffee Roasters & Bakery";"56297";"2025-01-04";"EUR";"SUMUP";"1,00"
"Suedseite - Coffee Roasters & Bakery";"56297";"2025-01-04";"EUR";"SUMUP";"1,00"
"Suedseite - Coffee Roasters & Bakery";"56297";"2025-01-04";"EUR";"SUMUP";"1,00"
"Suedseite - Coffee Roasters & Bakery";"56297";"2025-01-04";"EUR";"SUMUP";"0,40"
"Suedseite - Coffee Roasters & Bakery";"56297";"2025-01-04";"EUR";"SUMUP";"1,00"
"Suedseite - Coffee Roasters & Bakery";"56297";"2025-01-04";"EUR";"SUMUP";"1,00"
"Suedseite - Coffee Roasters & Bakery";"56297";"2025-01-04";"EUR";"SUMUP";"1,60"
"Suedseite - Coffee Roasters & Bakery";"56297";"2025-01-04";"EUR";"SUMUP";"1,00"
"Suedseite - Coffee Roasters & Bakery";"56297";"2025-01-04";"EUR";"SUMUP";"1,00"
"Suedseite - Coffee Roasters & Bakery";"56297";"2025-01-04";"EUR";"SUMUP";"2,12"
"Suedseite - Coffee Roasters & Bakery";"56297";"2025-01-05";"EUR";"SUMUP";"1,61"
"Suedseite - Coffee Roasters & Bakery";"56297";"2025-01-05";"EUR";"SUMUP";"0,60"
"Suedseite - Coffee Roasters & Bakery";"56297";"2025-01-05";"EUR";"SUMUP";"1,12"
"Suedseite - Coffee Roasters & Bakery";"56297";"2025-01-05";"EUR";"SUMUP";"0,80"
"Suedseite - Coffee Roasters & Bakery";"56297";"2025-01-05";"EUR";"SUMUP";"1,40"
"Suedseite - Coffee Roasters & Bakery";"56297";"2025-01-05";"EUR";"SUMUP";"1,46"
"Suedseite - Coffee Roasters & Bakery";"56297";"2025-01-05";"EUR";"SUMUP";"1,65"
"Suedseite - Coffee Roasters & Bakery";"56297";"2025-01-05";"EUR";"SUMUP";"1,00"
"Suedseite - Coffee Roasters & Bakery";"56297";"2025-01-05";"EUR";"SUMUP";"1,00"
"Suedseite - Coffee Roasters & Bakery";"56297";"2025-01-05";"EUR";"SUMUP";"1,00"
"Suedseite - Coffee Roasters & Bakery";"56297";"2025-01-05";"EUR";"SUMUP";"1,00"
"Suedseite - Coffee Roasters & Bakery";"56297";"2025-01-05";"EUR";"SUMUP";"1,11"
"Suedseite - Coffee Roasters & Bakery";"56297";"2025-01-05";"EUR";"SUMUP";"1,79"
"Suedseite - Coffee Roasters & Bakery";"56297";"2025-01-05";"EUR";"SUMUP";"1,00"
"Suedseite - Coffee Roasters & Bakery";"56297";"2025-01-05";"EUR";"SUMUP";"1,00"
"Suedseite - Coffee Roasters & Bakery";"56297";"2025-01-06";"EUR";"SUMUP";"1,25"
"Suedseite - Coffee Roasters & Bakery";"56297";"2025-01-06";"EUR";"SUMUP";"1,00"
"Suedseite - Coffee Roasters & Bakery";"56297";"2025-01-06";"EUR";"SUMUP";"1,00"
"Suedseite - Coffee Roasters & Bakery";"56297";"2025-01-06";"EUR";"SUMUP";"1,00"
"Suedseite - Coffee Roasters & Bakery";"56297";"2025-01-06";"EUR";"SUMUP";"1,00"
"Suedseite - Coffee Roasters & Bakery";"56297";"2025-01-06";"EUR";"SUMUP";"2,56"
"Suedseite - Coffee Roasters & Bakery";"56297";"2025-01-06";"EUR";"SUMUP";"1,00"
"Suedseite - Coffee Roasters & Bakery";"56297";"2025-01-06";"EUR";"SUMUP";"3,95"
"Suedseite - Coffee Roasters & Bakery";"56297";"2025-01-06";"EUR";"SUMUP";"1,00"
"Suedseite - Coffee Roasters & Bakery";"56297";"2025-01-06";"EUR";"SUMUP";"1,00"
"Suedseite - Coffee Roasters & Bakery";"56297";"2025-01-06";"EUR";"SUMUP";"3,18"
"Suedseite - Coffee Roasters & Bakery";"56297";"2025-01-06";"EUR";"SUMUP";"1,00"
"Suedseite - Coffee Roasters & Bakery";"56297";"2025-01-06";"EUR";"SUMUP";"1,07"
"Suedseite - Coffee Roasters & Bakery";"56297";"2025-01-06";"EUR";"SUMUP";"1,21"
"Suedseite - Coffee Roasters & Bakery";"56297";"2025-01-06";"EUR";"SUMUP";"2,19"
"Suedseite - Coffee Roasters & Bakery";"56297";"2025-01-06";"EUR";"SUMUP";"1,00"
"Suedseite - Coffee Roasters & Bakery";"56297";"2025-01-06";"EUR";"SUMUP";"2,03"
"Suedseite - Coffee Roasters & Bakery";"56297";"2025-01-06";"EUR";"SUMUP";"1,00"
"Suedseite - Coffee Roasters & Bakery";"56297";"2025-01-06";"EUR";"SUMUP";"1,00"
"Suedseite - Coffee Roasters & Bakery";"56297";"2025-01-06";"EUR";"SUMUP";"1,51"
"Suedseite - Coffee Roasters & Bakery";"56297";"2025-01-06";"EUR";"SUMUP";"1,00"
"Suedseite - Coffee Roasters & Bakery";"56297";"2025-01-06";"EUR";"SUMUP";"1,00"
"Suedseite - Coffee Roasters & Bakery";"56297";"2025-01-06";"EUR";"SUMUP";"1,00"
"Suedseite - Coffee Roasters & Bakery";"56297";"2025-01-06";"EUR";"SUMUP";"1,19"
"Suedseite - Coffee Roasters & Bakery";"56297";"2025-01-06";"EUR";"SUMUP";"0,70"
"Suedseite - Coffee Roasters & Bakery";"56297";"2025-01-07";"EUR";"SUMUP";"1,00"
"Suedseite - Coffee Roasters & Bakery";"56297";"2025-01-07";"EUR";"SUMUP";"1,00"
"Suedseite - Coffee Roasters & Bakery";"56297";"2025-01-07";"EUR";"SUMUP";"1,00"
"Suedseite - Coffee Roasters & Bakery";"56297";"2025-01-07";"EUR";"SUMUP";"2,00"
"Suedseite - Coffee Roasters & Bakery";"56297";"2025-01-07";"EUR";"SUMUP";"1,25"
"Suedseite - Coffee Roasters & Bakery";"56297";"2025-01-07";"EUR";"SUMUP";"0,80"
"Suedseite - Coffee Roasters & Bakery";"56297";"2025-01-07";"EUR";"SUMUP";"1,00"
"Suedseite - Coffee Roasters & Bakery";"56297";"2025-01-07";"EUR";"SUMUP";"0,70"
"Suedseite - Coffee Roasters & Bakery";"56297";"2025-01-07";"EUR";"SUMUP";"3,49"
"Suedseite - Coffee Roasters & Bakery";"56297";"2025-01-07";"EUR";"SUMUP";"2,00"
"Suedseite - Coffee Roasters & Bakery";"56297";"2025-01-07";"EUR";"SUMUP";"1,00"
"Suedseite - Coffee Roasters & Bakery";"56297";"2025-01-07";"EUR";"SUMUP";"1,00"
"Suedseite - Coffee Roasters & Bakery";"56297";"2025-01-07";"EUR";"SUMUP";"1,00"
"Suedseite - Coffee Roasters & Bakery";"56297";"2025-01-08";"EUR";"SUMUP";"1,00"
"Suedseite - Coffee Roasters & Bakery";"56297";"2025-01-08";"EUR";"SUMUP";"1,00"
"Suedseite - Coffee Roasters & Bakery";"56297";"2025-01-08";"EUR";"SUMUP";"1,00"
"Suedseite - Coffee Roasters & Bakery";"56297";"2025-01-08";"EUR";"SUMUP";"1,00"
"Suedseite - Coffee Roasters & Bakery";"56297";"2025-01-08";"EUR";"SUMUP";"1,00"
"Suedseite - Coffee Roasters & Bakery";"56297";"2025-01-08";"EUR";"SUMUP";"1,00"
"Suedseite - Coffee Roasters & Bakery";"56297";"2025-01-08";"EUR";"SUMUP";"1,43"
"Suedseite - Coffee Roasters & Bakery";"56297";"2025-01-08";"EUR";"SUMUP";"1,00"
"Suedseite - Coffee Roasters & Bakery";"56297";"2025-01-08";"EUR";"SUMUP";"0,50"
"Suedseite - Coffee Roasters & Bakery";"56297";"2025-01-08";"EUR";"SUMUP";"1,21"
"Suedseite - Coffee Roasters & Bakery";"56297";"2025-01-08";"EUR";"SUMUP";"1,00"
"Suedseite - Coffee Roasters & Bakery";"56297";"2025-01-08";"EUR";"SUMUP";"1,00"
"Suedseite - Coffee Roasters & Bakery";"56297";"2025-01-08";"EUR";"SUMUP";"1,00"
"Suedseite - Coffee Roasters & Bakery";"56297";"2025-01-08";"EUR";"SUMUP";"1,00"
"Suedseite - Coffee Roasters & Bakery";"56297";"2025-01-08";"EUR";"SUMUP";"2,35"
"Suedseite - Coffee Roasters & Bakery";"56297";"2025-01-08";"EUR";"SUMUP";"1,00"
"Suedseite - Coffee Roasters & Bakery";"56297";"2025-01-09";"EUR";"SUMUP";"0,50"
"Suedseite - Coffee Roasters & Bakery";"56297";"2025-01-09";"EUR";"SUMUP";"0,50"
"Suedseite - Coffee Roasters & Bakery";"56297";"2025-01-09";"EUR";"SUMUP";"0,80"
"Suedseite - Coffee Roasters & Bakery";"56297";"2025-01-09";"EUR";"SUMUP";"1,00"
"Suedseite - Coffee Roasters & Bakery";"56297";"2025-01-09";"EUR";"SUMUP";"1,06"
"Suedseite - Coffee Roasters & Bakery";"56297";"2025-01-09";"EUR";"SUMUP";"1,00"
"Suedseite - Coffee Roasters & Bakery";"56297";"2025-01-09";"EUR";"SUMUP";"1,00"
"Suedseite - Coffee Roasters & Bakery";"56297";"2025-01-09";"EUR";"SUMUP";"0,50"
"Suedseite - Coffee Roasters & Bakery";"56297";"2025-01-09";"EUR";"SUMUP";"1,05"
"Suedseite - Coffee Roasters & Bakery";"56297";"2025-01-09";"EUR";"SUMUP";"2,11"
"Suedseite - Coffee Roasters & Bakery";"56297";"2025-01-09";"EUR";"SUMUP";"1,10"
"Suedseite - Coffee Roasters & Bakery";"56297";"2025-01-09";"EUR";"SUMUP";"0,20"
"Suedseite - Coffee Roasters & Bakery";"56297";"2025-01-09";"EUR";"SUMUP";"0,20"
"Suedseite - Coffee Roasters & Bakery";"56297";"2025-01-09";"EUR";"SUMUP";"1,05"
"Suedseite - Coffee Roasters & Bakery";"56297";"2025-01-09";"EUR";"SUMUP";"1,00"
"Suedseite - Coffee Roasters & Bakery";"56297";"2025-01-09";"EUR";"SUMUP";"1,00"
"Suedseite - Coffee Roasters & Bakery";"56297";"2025-01-10";"EUR";"SUMUP";"1,00"
"Suedseite - Coffee Roasters & Bakery";"56297";"2025-01-10";"EUR";"SUMUP";"1,00"
"Suedseite - Coffee Roasters & Bakery";"56297";"2025-01-10";"EUR";"SUMUP";"1,00"
"Suedseite - Coffee Roasters & Bakery";"56297";"2025-01-10";"EUR";"SUMUP";"1,08"
"Suedseite - Coffee Roasters & Bakery";"56297";"2025-01-10";"EUR";"SUMUP";"1,05"
"Suedseite - Coffee Roasters & Bakery";"56297";"2025-01-10";"EUR";"SUMUP";"0,33"
"Suedseite - Coffee Roasters & Bakery";"56297";"2025-01-10";"EUR";"SUMUP";"1,00"
"Suedseite - Coffee Roasters & Bakery";"56297";"2025-01-10";"EUR";"SUMUP";"1,13"
"Suedseite - Coffee Roasters & Bakery";"56297";"2025-01-10";"EUR";"SUMUP";"1,00"
"Suedseite - Coffee Roasters & Bakery";"56297";"2025-01-10";"EUR";"SUMUP";"1,13"
"Suedseite - Coffee Roasters & Bakery";"56297";"2025-01-10";"EUR";"SUMUP";"1,00"
"Suedseite - Coffee Roasters & Bakery";"56297";"2025-01-10";"EUR";"SUMUP";"1,60"
"Suedseite - Coffee Roasters & Bakery";"56297";"2025-01-10";"EUR";"SUMUP";"1,00"
"Suedseite - Coffee Roasters & Bakery";"56297";"2025-01-10";"EUR";"SUMUP";"2,00"
"Suedseite - Coffee Roasters & Bakery";"56297";"2025-01-11";"EUR";"SUMUP";"1,66"
"Suedseite - Coffee Roasters & Bakery";"56297";"2025-01-11";"EUR";"SUMUP";"2,00"
"Suedseite - Coffee Roasters & Bakery";"56297";"2025-01-11";"EUR";"SUMUP";"1,03"
"Suedseite - Coffee Roasters & Bakery";"56297";"2025-01-11";"EUR";"SUMUP";"2,51"
"Suedseite - Coffee Roasters & Bakery";"56297";"2025-01-11";"EUR";"SUMUP";"1,00"
"Suedseite - Coffee Roasters & Bakery";"56297";"2025-01-11";"EUR";"SUMUP";"1,00"
"Suedseite - Coffee Roasters & Bakery";"56297";"2025-01-11";"EUR";"SUMUP";"2,27"
"Suedseite - Coffee Roasters & Bakery";"56297";"2025-01-11";"EUR";"SUMUP";"1,00"
"Suedseite - Coffee Roasters & Bakery";"56297";"2025-01-11";"EUR";"SUMUP";"0,40"
"Suedseite - Coffee Roasters & Bakery";"56297";"2025-01-11";"EUR";"SUMUP";"1,59"
"Suedseite - Coffee Roasters & Bakery";"56297";"2025-01-11";"EUR";"SUMUP";"1,00"
"Suedseite - Coffee Roasters & Bakery";"56297";"2025-01-11";"EUR";"SUMUP";"1,00"
"Suedseite - Coffee Roasters & Bakery";"56297";"2025-01-11";"EUR";"SUMUP";"1,48"
"Suedseite - Coffee Roasters & Bakery";"56297";"2025-01-11";"EUR";"SUMUP";"1,22"
"Suedseite - Coffee Roasters & Bakery";"56297";"2025-01-11";"EUR";"SUMUP";"2,00"
"Suedseite - Coffee Roasters & Bakery";"56297";"2025-01-11";"EUR";"SUMUP";"1,19"
"Suedseite - Coffee Roasters & Bakery";"56297";"2025-01-11";"EUR";"SUMUP";"0,60"
"Suedseite - Coffee Roasters & Bakery";"56297";"2025-01-11";"EUR";"SUMUP";"1,14"
"Suedseite - Coffee Roasters & Bakery";"56297";"2025-01-11";"EUR";"SUMUP";"1,20"
"Suedseite - Coffee Roasters & Bakery";"56297";"2025-01-11";"EUR";"SUMUP";"1,00"
"Suedseite - Coffee Roasters & Bakery";"56297";"2025-01-11";"EUR";"SUMUP";"2,00"
"Suedseite - Coffee Roasters & Bakery";"56297";"2025-01-11";"EUR";"SUMUP";"1,15"
"Suedseite - Coffee Roasters & Bakery";"56297";"2025-01-11";"EUR";"SUMUP";"1,00"
"Suedseite - Coffee Roasters & Bakery";"56297";"2025-01-11";"EUR";"SUMUP";"1,00"
"Suedseite - Coffee Roasters & Bakery";"56297";"2025-01-11";"EUR";"SUMUP";"0,50"
"Suedseite - Coffee Roasters & Bakery";"56297";"2025-01-11";"EUR";"SUMUP";"2,00"
"Suedseite - Coffee Roasters & Bakery";"56297";"2025-01-11";"EUR";"SUMUP";"2,39"
"Suedseite - Coffee Roasters & Bakery";"56297";"2025-01-11";"EUR";"SUMUP";"1,00"
"Suedseite - Coffee Roasters & Bakery";"56297";"2025-01-11";"EUR";"SUMUP";"1,00"
"Suedseite - Coffee Roasters & Bakery";"56297";"2025-01-11";"EUR";"SUMUP";"0,30"
"Suedseite - Coffee Roasters & Bakery";"56297";"2025-01-11";"EUR";"SUMUP";"1,86"
"Suedseite - Coffee Roasters & Bakery";"56297";"2025-01-11";"EUR";"SUMUP";"1,00"
"Suedseite - Coffee Roasters & Bakery";"56297";"2025-01-12";"EUR";"SUMUP";"1,01"
"Suedseite - Coffee Roasters & Bakery";"56297";"2025-01-12";"EUR";"SUMUP";"1,00"
"Suedseite - Coffee Roasters & Bakery";"56297";"2025-01-12";"EUR";"SUMUP";"1,00"
"Suedseite - Coffee Roasters & Bakery";"56297";"2025-01-12";"EUR";"SUMUP";"1,10"
"Suedseite - Coffee Roasters & Bakery";"56297";"2025-01-12";"EUR";"SUMUP";"1,00"
"Suedseite - Coffee Roasters & Bakery";"56297";"2025-01-12";"EUR";"SUMUP";"1,26"
"Suedseite - Coffee Roasters & Bakery";"56297";"2025-01-12";"EUR";"SUMUP";"1,00"
"Suedseite - Coffee Roasters & Bakery";"56297";"2025-01-12";"EUR";"SUMUP";"1,00"
"Suedseite - Coffee Roasters & Bakery";"56297";"2025-01-12";"EUR";"SUMUP";"1,71"
"Suedseite - Coffee Roasters & Bakery";"56297";"2025-01-12";"EUR";"SUMUP";"1,00"
"Suedseite - Coffee Roasters & Bakery";"56297";"2025-01-12";"EUR";"SUMUP";"1,00"
"Suedseite - Coffee Roasters & Bakery";"56297";"2025-01-12";"EUR";"SUMUP";"1,00"
"Suedseite - Coffee Roasters & Bakery";"56297";"2025-01-12";"EUR";"SUMUP";"1,20"
"Suedseite - Coffee Roasters & Bakery";"56297";"2025-01-12";"EUR";"SUMUP";"1,00"
"Suedseite - Coffee Roasters & Bakery";"56297";"2025-01-12";"EUR";"SUMUP";"1,00"
"Suedseite - Coffee Roasters & Bakery";"56297";"2025-01-12";"EUR";"SUMUP";"1,00"
"Suedseite - Coffee Roasters & Bakery";"56297";"2025-01-12";"EUR";"SUMUP";"1,00"
"Suedseite - Coffee Roasters & Bakery";"56297";"2025-01-12";"EUR";"SUMUP";"0,10"
"Suedseite - Coffee Roasters & Bakery";"56297";"2025-01-12";"EUR";"SUMUP";"1,00"
"Suedseite - Coffee Roasters & Bakery";"56297";"2025-01-12";"EUR";"SUMUP";"2,01"
"Suedseite - Coffee Roasters & Bakery";"56297";"2025-01-12";"EUR";"SUMUP";"1,00"
"Suedseite - Coffee Roasters & Bakery";"56297";"2025-01-12";"EUR";"SUMUP";"0,70"
"Suedseite - Coffee Roasters & Bakery";"56297";"2025-01-12";"EUR";"SUMUP";"1,59"
"Suedseite - Coffee Roasters & Bakery";"56297";"2025-01-12";"EUR";"SUMUP";"1,00"
"Suedseite - Coffee Roasters & Bakery";"56297";"2025-01-12";"EUR";"SUMUP";"1,00"
"Suedseite - Coffee Roasters & Bakery";"56297";"2025-01-12";"EUR";"SUMUP";"1,00"
"Suedseite - Coffee Roasters & Bakery";"56297";"2025-01-12";"EUR";"SUMUP";"1,00"
"Suedseite - Coffee Roasters & Bakery";"56297";"2025-01-12";"EUR";"SUMUP";"1,00"
"Suedseite - Coffee Roasters & Bakery";"56297";"2025-01-12";"EUR";"SUMUP";"1,16"
"Suedseite - Coffee Roasters & Bakery";"56297";"2025-01-12";"EUR";"SUMUP";"1,00"
"Suedseite - Coffee Roasters & Bakery";"56297";"2025-01-12";"EUR";"SUMUP";"1,00"
"Suedseite - Coffee Roasters & Bakery";"56297";"2025-01-12";"EUR";"SUMUP";"1,00"
"Suedseite - Coffee Roasters & Bakery";"56297";"2025-01-12";"EUR";"SUMUP";"1,00"
"Suedseite - Coffee Roasters & Bakery";"56297";"2025-01-12";"EUR";"SUMUP";"1,00"
"Suedseite - Coffee Roasters & Bakery";"56297";"2025-01-12";"EUR";"SUMUP";"1,00"
"Suedseite - Coffee Roasters & Bakery";"56297";"2025-01-13";"EUR";"SUMUP";"0,70"
"Suedseite - Coffee Roasters & Bakery";"56297";"2025-01-13";"EUR";"SUMUP";"1,00"
"Suedseite - Coffee Roasters & Bakery";"56297";"2025-01-13";"EUR";"SUMUP";"1,00"
"Suedseite - Coffee Roasters & Bakery";"56297";"2025-01-13";"EUR";"SUMUP";"1,00"
"Suedseite - Coffee Roasters & Bakery";"56297";"2025-01-14";"EUR";"SUMUP";"1,00"
"Suedseite - Coffee Roasters & Bakery";"56297";"2025-01-14";"EUR";"SUMUP";"0,80"
"Suedseite - Coffee Roasters & Bakery";"56297";"2025-01-14";"EUR";"SUMUP";"1,88"
"Suedseite - Coffee Roasters & Bakery";"56297";"2025-01-14";"EUR";"SUMUP";"1,36"
"Suedseite - Coffee Roasters & Bakery";"56297";"2025-01-14";"EUR";"SUMUP";"1,00"
"Suedseite - Coffee Roasters & Bakery";"56297";"2025-01-14";"EUR";"SUMUP";"1,00"
"Suedseite - Coffee Roasters & Bakery";"56297";"2025-01-14";"EUR";"SUMUP";"1,41"
"Suedseite - Coffee Roasters & Bakery";"56297";"2025-01-14";"EUR";"SUMUP";"1,00"
"Suedseite - Coffee Roasters & Bakery";"56297";"2025-01-14";"EUR";"SUMUP";"1,00"
"Suedseite - Coffee Roasters & Bakery";"56297";"2025-01-14";"EUR";"SUMUP";"2,00"
"Suedseite - Coffee Roasters & Bakery";"56297";"2025-01-14";"EUR";"SUMUP";"1,00"
"Suedseite - Coffee Roasters & Bakery";"56297";"2025-01-14";"EUR";"SUMUP";"1,00"
"Suedseite - Coffee Roasters & Bakery";"56297";"2025-01-14";"EUR";"SUMUP";"1,00"
"Suedseite - Coffee Roasters & Bakery";"56297";"2025-01-14";"EUR";"SUMUP";"1,53"
"Suedseite - Coffee Roasters & Bakery";"56297";"2025-01-14";"EUR";"SUMUP";"1,00"
"Suedseite - Coffee Roasters & Bakery";"56297";"2025-01-15";"EUR";"SUMUP";"3,00"
"Suedseite - Coffee Roasters & Bakery";"56297";"2025-01-15";"EUR";"SUMUP";"1,00"
"Suedseite - Coffee Roasters & Bakery";"56297";"2025-01-15";"EUR";"SUMUP";"0,10"
"Suedseite - Coffee Roasters & Bakery";"56297";"2025-01-15";"EUR";"SUMUP";"0,70"
"Suedseite - Coffee Roasters & Bakery";"56297";"2025-01-15";"EUR";"SUMUP";"1,12"
"Suedseite - Coffee Roasters & Bakery";"56297";"2025-01-15";"EUR";"SUMUP";"1,00"
"Suedseite - Coffee Roasters & Bakery";"56297";"2025-01-15";"EUR";"SUMUP";"1,60"
"Suedseite - Coffee Roasters & Bakery";"56297";"2025-01-15";"EUR";"SUMUP";"1,00"
"Suedseite - Coffee Roasters & Bakery";"56297";"2025-01-15";"EUR";"SUMUP";"1,00"
"Suedseite - Coffee Roasters & Bakery";"56297";"2025-01-16";"EUR";"SUMUP";"1,00"
"Suedseite - Coffee Roasters & Bakery";"56297";"2025-01-16";"EUR";"SUMUP";"1,00"
"Suedseite - Coffee Roasters & Bakery";"56297";"2025-01-16";"EUR";"SUMUP";"1,48"
"Suedseite - Coffee Roasters & Bakery";"56297";"2025-01-16";"EUR";"SUMUP";"1,00"
"Suedseite - Coffee Roasters & Bakery";"56297";"2025-01-16";"EUR";"SUMUP";"1,00"
"Suedseite - Coffee Roasters & Bakery";"56297";"2025-01-16";"EUR";"SUMUP";"1,00"
"Suedseite - Coffee Roasters & Bakery";"56297";"2025-01-16";"EUR";"SUMUP";"0,80"
"Suedseite - Coffee Roasters & Bakery";"56297";"2025-01-16";"EUR";"SUMUP";"1,34"
"Suedseite - Coffee Roasters & Bakery";"56297";"2025-01-16";"EUR";"SUMUP";"2,52"
"Suedseite - Coffee Roasters & Bakery";"56297";"2025-01-16";"EUR";"SUMUP";"1,00"
"Suedseite - Coffee Roasters & Bakery";"56297";"2025-01-16";"EUR";"SUMUP";"1,00"
"Suedseite - Coffee Roasters & Bakery";"56297";"2025-01-16";"EUR";"SUMUP";"1,00"
"Suedseite - Coffee Roasters & Bakery";"56297";"2025-01-16";"EUR";"SUMUP";"1,00"
"Suedseite - Coffee Roasters & Bakery";"56297";"2025-01-16";"EUR";"SUMUP";"1,00"
"Suedseite - Coffee Roasters & Bakery";"56297";"2025-01-16";"EUR";"SUMUP";"1,00"
"Suedseite - Coffee Roasters & Bakery";"56297";"2025-01-16";"EUR";"SUMUP";"1,00"
"Suedseite - Coffee Roasters & Bakery";"56297";"2025-01-16";"EUR";"SUMUP";"1,00"
"Suedseite - Coffee Roasters & Bakery";"56297";"2025-01-16";"EUR";"SUMUP";"1,00"
"Suedseite - Coffee Roasters & Bakery";"56297";"2025-01-16";"EUR";"SUMUP";"2,13"
"Suedseite - Coffee Roasters & Bakery";"56297";"2025-01-16";"EUR";"SUMUP";"2,70"
"Suedseite - Coffee Roasters & Bakery";"56297";"2025-01-16";"EUR";"SUMUP";"1,00"
"Suedseite - Coffee Roasters & Bakery";"56297";"2025-01-16";"EUR";"SUMUP";"2,01"
"Suedseite - Coffee Roasters & Bakery";"56297";"2025-01-17";"EUR";"SUMUP";"1,00"
"Suedseite - Coffee Roasters & Bakery";"56297";"2025-01-17";"EUR";"SUMUP";"1,00"
"Suedseite - Coffee Roasters & Bakery";"56297";"2025-01-17";"EUR";"SUMUP";"1,00"
"Suedseite - Coffee Roasters & Bakery";"56297";"2025-01-17";"EUR";"SUMUP";"1,00"
"Suedseite - Coffee Roasters & Bakery";"56297";"2025-01-17";"EUR";"SUMUP";"1,37"
"Suedseite - Coffee Roasters & Bakery";"56297";"2025-01-17";"EUR";"SUMUP";"1,00"
"Suedseite - Coffee Roasters & Bakery";"56297";"2025-01-17";"EUR";"SUMUP";"1,46"
"Suedseite - Coffee Roasters & Bakery";"56297";"2025-01-17";"EUR";"SUMUP";"5,00"
"Suedseite - Coffee Roasters & Bakery";"56297";"2025-01-17";"EUR";"SUMUP";"1,00"
"Suedseite - Coffee Roasters & Bakery";"56297";"2025-01-17";"EUR";"SUMUP";"1,00"
"Suedseite - Coffee Roasters & Bakery";"56297";"2025-01-17";"EUR";"SUMUP";"3,20"
"Suedseite - Coffee Roasters & Bakery";"56297";"2025-01-17";"EUR";"SUMUP";"1,14"
"Suedseite - Coffee Roasters & Bakery";"56297";"2025-01-17";"EUR";"SUMUP";"1,00"
"Suedseite - Coffee Roasters & Bakery";"56297";"2025-01-17";"EUR";"SUMUP";"1,00"
"Suedseite - Coffee Roasters & Bakery";"56297";"2025-01-17";"EUR";"SUMUP";"1,00"
"Suedseite - Coffee Roasters & Bakery";"56297";"2025-01-17";"EUR";"SUMUP";"0,70"
"Suedseite - Coffee Roasters & Bakery";"56297";"2025-01-17";"EUR";"SUMUP";"1,00"
"Suedseite - Coffee Roasters & Bakery";"56297";"2025-01-17";"EUR";"SUMUP";"1,13"
"Suedseite - Coffee Roasters & Bakery";"56297";"2025-01-17";"EUR";"SUMUP";"2,00"
"Suedseite - Coffee Roasters & Bakery";"56297";"2025-01-18";"EUR";"SUMUP";"1,00"
"Suedseite - Coffee Roasters & Bakery";"56297";"2025-01-18";"EUR";"SUMUP";"1,45"
"Suedseite - Coffee Roasters & Bakery";"56297";"2025-01-18";"EUR";"SUMUP";"0,50"
"Suedseite - Coffee Roasters & Bakery";"56297";"2025-01-18";"EUR";"SUMUP";"1,17"
"Suedseite - Coffee Roasters & Bakery";"56297";"2025-01-18";"EUR";"SUMUP";"1,20"
"Suedseite - Coffee Roasters & Bakery";"56297";"2025-01-18";"EUR";"SUMUP";"1,00"
"Suedseite - Coffee Roasters & Bakery";"56297";"2025-01-18";"EUR";"SUMUP";"1,00"
"Suedseite - Coffee Roasters & Bakery";"56297";"2025-01-18";"EUR";"SUMUP";"1,00"
"Suedseite - Coffee Roasters & Bakery";"56297";"2025-01-18";"EUR";"SUMUP";"1,44"
"Suedseite - Coffee Roasters & Bakery";"56297";"2025-01-18";"EUR";"SUMUP";"1,00"
"Suedseite - Coffee Roasters & Bakery";"56297";"2025-01-18";"EUR";"SUMUP";"1,50"
"Suedseite - Coffee Roasters & Bakery";"56297";"2025-01-18";"EUR";"SUMUP";"1,46"
"Suedseite - Coffee Roasters & Bakery";"56297";"2025-01-18";"EUR";"SUMUP";"1,00"
"Suedseite - Coffee Roasters & Bakery";"56297";"2025-01-18";"EUR";"SUMUP";"1,02"
"Suedseite - Coffee Roasters & Bakery";"56297";"2025-01-18";"EUR";"SUMUP";"1,21"
"Suedseite - Coffee Roasters & Bakery";"56297";"2025-01-18";"EUR";"SUMUP";"1,00"
"Suedseite - Coffee Roasters & Bakery";"56297";"2025-01-18";"EUR";"SUMUP";"1,00"
"Suedseite - Coffee Roasters & Bakery";"56297";"2025-01-18";"EUR";"SUMUP";"1,00"
"Suedseite - Coffee Roasters & Bakery";"56297";"2025-01-18";"EUR";"SUMUP";"1,00"
"Suedseite - Coffee Roasters & Bakery";"56297";"2025-01-18";"EUR";"SUMUP";"1,00"
"Suedseite - Coffee Roasters & Bakery";"56297";"2025-01-18";"EUR";"SUMUP";"1,00"
"Suedseite - Coffee Roasters & Bakery";"56297";"2025-01-18";"EUR";"SUMUP";"2,52"
"Suedseite - Coffee Roasters & Bakery";"56297";"2025-01-18";"EUR";"SUMUP";"1,00"
"Suedseite - Coffee Roasters & Bakery";"56297";"2025-01-18";"EUR";"SUMUP";"1,00"
"Suedseite - Coffee Roasters & Bakery";"56297";"2025-01-18";"EUR";"SUMUP";"1,00"
"Suedseite - Coffee Roasters & Bakery";"56297";"2025-01-18";"EUR";"SUMUP";"1,00"
"Suedseite - Coffee Roasters & Bakery";"56297";"2025-01-18";"EUR";"SUMUP";"1,07"
"Suedseite - Coffee Roasters & Bakery";"56297";"2025-01-18";"EUR";"SUMUP";"1,00"
"Suedseite - Coffee Roasters & Bakery";"56297";"2025-01-18";"EUR";"SUMUP";"3,00"
"Suedseite - Coffee Roasters & Bakery";"56297";"2025-01-18";"EUR";"SUMUP";"1,00"
"Suedseite - Coffee Roasters & Bakery";"56297";"2025-01-18";"EUR";"SUMUP";"1,00"
"Suedseite - Coffee Roasters & Bakery";"56297";"2025-01-18";"EUR";"SUMUP";"1,07"
"Suedseite - Coffee Roasters & Bakery";"56297";"2025-01-18";"EUR";"SUMUP";"1,00"
"Suedseite - Coffee Roasters & Bakery";"56297";"2025-01-18";"EUR";"SUMUP";"0,50"
"Suedseite - Coffee Roasters & Bakery";"56297";"2025-01-19";"EUR";"SUMUP";"1,00"
"Suedseite - Coffee Roasters & Bakery";"56297";"2025-01-19";"EUR";"SUMUP";"1,00"
"Suedseite - Coffee Roasters & Bakery";"56297";"2025-01-19";"EUR";"SUMUP";"1,00"
"Suedseite - Coffee Roasters & Bakery";"56297";"2025-01-19";"EUR";"SUMUP";"1,00"
"Suedseite - Coffee Roasters & Bakery";"56297";"2025-01-19";"EUR";"SUMUP";"2,73"
"Suedseite - Coffee Roasters & Bakery";"56297";"2025-01-19";"EUR";"SUMUP";"1,00"
"Suedseite - Coffee Roasters & Bakery";"56297";"2025-01-19";"EUR";"SUMUP";"1,00"
"Suedseite - Coffee Roasters & Bakery";"56297";"2025-01-19";"EUR";"SUMUP";"1,00"
"Suedseite - Coffee Roasters & Bakery";"56297";"2025-01-19";"EUR";"SUMUP";"0,50"
"Suedseite - Coffee Roasters & Bakery";"56297";"2025-01-19";"EUR";"SUMUP";"1,00"
"Suedseite - Coffee Roasters & Bakery";"56297";"2025-01-19";"EUR";"SUMUP";"2,58"
"Suedseite - Coffee Roasters & Bakery";"56297";"2025-01-19";"EUR";"SUMUP";"1,00"
"Suedseite - Coffee Roasters & Bakery";"56297";"2025-01-19";"EUR";"SUMUP";"1,00"
"Suedseite - Coffee Roasters & Bakery";"56297";"2025-01-19";"EUR";"SUMUP";"1,19"
"Suedseite - Coffee Roasters & Bakery";"56297";"2025-01-19";"EUR";"SUMUP";"1,00"
"Suedseite - Coffee Roasters & Bakery";"56297";"2025-01-19";"EUR";"SUMUP";"1,04"
"Suedseite - Coffee Roasters & Bakery";"56297";"2025-01-19";"EUR";"SUMUP";"1,00"
"Suedseite - Coffee Roasters & Bakery";"56297";"2025-01-19";"EUR";"SUMUP";"1,00"
"Suedseite - Coffee Roasters & Bakery";"56297";"2025-01-19";"EUR";"SUMUP";"1,62"
"Suedseite - Coffee Roasters & Bakery";"56297";"2025-01-19";"EUR";"SUMUP";"1,36"
"Suedseite - Coffee Roasters & Bakery";"56297";"2025-01-19";"EUR";"SUMUP";"1,04"
"Suedseite - Coffee Roasters & Bakery";"56297";"2025-01-19";"EUR";"SUMUP";"1,09"
"Suedseite - Coffee Roasters & Bakery";"56297";"2025-01-19";"EUR";"SUMUP";"1,00"
"Suedseite - Coffee Roasters & Bakery";"56297";"2025-01-19";"EUR";"SUMUP";"1,00"
"Suedseite - Coffee Roasters & Bakery";"56297";"2025-01-19";"EUR";"SUMUP";"1,21"
"Suedseite - Coffee Roasters & Bakery";"56297";"2025-01-19";"EUR";"SUMUP";"1,00"
"Suedseite - Coffee Roasters & Bakery";"56297";"2025-01-19";"EUR";"SUMUP";"1,06"
"Suedseite - Coffee Roasters & Bakery";"56297";"2025-01-19";"EUR";"SUMUP";"0,75"
"Suedseite - Coffee Roasters & Bakery";"56297";"2025-01-19";"EUR";"SUMUP";"1,00"
"Suedseite - Coffee Roasters & Bakery";"56297";"2025-01-19";"EUR";"SUMUP";"1,00"
"Suedseite - Coffee Roasters & Bakery";"56297";"2025-01-19";"EUR";"SUMUP";"0,30"
"Suedseite - Coffee Roasters & Bakery";"56297";"2025-01-19";"EUR";"SUMUP";"1,00"
"Suedseite - Coffee Roasters & Bakery";"56297";"2025-01-19";"EUR";"SUMUP";"2,00"
"Suedseite - Coffee Roasters & Bakery";"56297";"2025-01-20";"EUR";"SUMUP";"0,40"
"Suedseite - Coffee Roasters & Bakery";"56297";"2025-01-20";"EUR";"SUMUP";"0,30"
"Suedseite - Coffee Roasters & Bakery";"56297";"2025-01-20";"EUR";"SUMUP";"0,40"
"Suedseite - Coffee Roasters & Bakery";"56297";"2025-01-20";"EUR";"SUMUP";"1,00"
"Suedseite - Coffee Roasters & Bakery";"56297";"2025-01-20";"EUR";"SUMUP";"1,00"
"Suedseite - Coffee Roasters & Bakery";"56297";"2025-01-20";"EUR";"SUMUP";"1,27"
"Suedseite - Coffee Roasters & Bakery";"56297";"2025-01-20";"EUR";"SUMUP";"1,00"
"Suedseite - Coffee Roasters & Bakery";"56297";"2025-01-20";"EUR";"SUMUP";"1,00"
"Suedseite - Coffee Roasters & Bakery";"56297";"2025-01-20";"EUR";"SUMUP";"1,00"
"Suedseite - Coffee Roasters & Bakery";"56297";"2025-01-20";"EUR";"SUMUP";"1,00"
"Suedseite - Coffee Roasters & Bakery";"56297";"2025-01-20";"EUR";"SUMUP";"1,55"
"Suedseite - Coffee Roasters & Bakery";"56297";"2025-01-20";"EUR";"SUMUP";"1,00"
"Suedseite - Coffee Roasters & Bakery";"56297";"2025-01-21";"EUR";"SUMUP";"1,17"
"Suedseite - Coffee Roasters & Bakery";"56297";"2025-01-21";"EUR";"SUMUP";"2,00"
"Suedseite - Coffee Roasters & Bakery";"56297";"2025-01-21";"EUR";"SUMUP";"1,84"
"Suedseite - Coffee Roasters & Bakery";"56297";"2025-01-21";"EUR";"SUMUP";"1,00"
"Suedseite - Coffee Roasters & Bakery";"56297";"2025-01-21";"EUR";"SUMUP";"0,50"
"Suedseite - Coffee Roasters & Bakery";"56297";"2025-01-21";"EUR";"SUMUP";"1,13"
"Suedseite - Coffee Roasters & Bakery";"56297";"2025-01-21";"EUR";"SUMUP";"1,98"
"Suedseite - Coffee Roasters & Bakery";"56297";"2025-01-21";"EUR";"SUMUP";"0,40"
"Suedseite - Coffee Roasters & Bakery";"56297";"2025-01-21";"EUR";"SUMUP";"1,00"
"Suedseite - Coffee Roasters & Bakery";"56297";"2025-01-21";"EUR";"SUMUP";"1,00"
"Suedseite - Coffee Roasters & Bakery";"56297";"2025-01-21";"EUR";"SUMUP";"0,40"
"Suedseite - Coffee Roasters & Bakery";"56297";"2025-01-21";"EUR";"SUMUP";"1,00"
"Suedseite - Coffee Roasters & Bakery";"56297";"2025-01-21";"EUR";"SUMUP";"1,00"
"Suedseite - Coffee Roasters & Bakery";"56297";"2025-01-21";"EUR";"SUMUP";"0,60"
"Suedseite - Coffee Roasters & Bakery";"56297";"2025-01-21";"EUR";"SUMUP";"1,00"
"Suedseite - Coffee Roasters & Bakery";"56297";"2025-01-22";"EUR";"SUMUP";"1,00"
"Suedseite - Coffee Roasters & Bakery";"56297";"2025-01-22";"EUR";"SUMUP";"1,13"
"Suedseite - Coffee Roasters & Bakery";"56297";"2025-01-22";"EUR";"SUMUP";"1,13"
"Suedseite - Coffee Roasters & Bakery";"56297";"2025-01-22";"EUR";"SUMUP";"1,00"
"Suedseite - Coffee Roasters & Bakery";"56297";"2025-01-22";"EUR";"SUMUP";"2,42"
"Suedseite - Coffee Roasters & Bakery";"56297";"2025-01-22";"EUR";"SUMUP";"1,13"
"Suedseite - Coffee Roasters & Bakery";"56297";"2025-01-22";"EUR";"SUMUP";"1,00"
"Suedseite - Coffee Roasters & Bakery";"56297";"2025-01-22";"EUR";"SUMUP";"1,00"
"Suedseite - Coffee Roasters & Bakery";"56297";"2025-01-22";"EUR";"SUMUP";"0,40"
"Suedseite - Coffee Roasters & Bakery";"56297";"2025-01-22";"EUR";"SUMUP";"0,60"
"Suedseite - Coffee Roasters & Bakery";"56297";"2025-01-22";"EUR";"SUMUP";"1,00"
"Suedseite - Coffee Roasters & Bakery";"56297";"2025-01-22";"EUR";"SUMUP";"1,00"
"Suedseite - Coffee Roasters & Bakery";"56297";"2025-01-22";"EUR";"SUMUP";"1,00"
"Suedseite - Coffee Roasters & Bakery";"56297";"2025-01-22";"EUR";"SUMUP";"1,00"
"Suedseite - Coffee Roasters & Bakery";"56297";"2025-01-22";"EUR";"SUMUP";"1,00"
"Suedseite - Coffee Roasters & Bakery";"56297";"2025-01-22";"EUR";"SUMUP";"1,40"
"Suedseite - Coffee Roasters & Bakery";"56297";"2025-01-22";"EUR";"SUMUP";"1,00"
"Suedseite - Coffee Roasters & Bakery";"56297";"2025-01-22";"EUR";"SUMUP";"1,30"
"Suedseite - Coffee Roasters & Bakery";"56297";"2025-01-23";"EUR";"SUMUP";"0,40"
"Suedseite - Coffee Roasters & Bakery";"56297";"2025-01-23";"EUR";"SUMUP";"0,80"
"Suedseite - Coffee Roasters & Bakery";"56297";"2025-01-23";"EUR";"SUMUP";"0,50"
"Suedseite - Coffee Roasters & Bakery";"56297";"2025-01-23";"EUR";"SUMUP";"1,00"
"Suedseite - Coffee Roasters & Bakery";"56297";"2025-01-23";"EUR";"SUMUP";"1,00"
"Suedseite - Coffee Roasters & Bakery";"56297";"2025-01-23";"EUR";"SUMUP";"0,70"
"Suedseite - Coffee Roasters & Bakery";"56297";"2025-01-23";"EUR";"SUMUP";"1,00"
"Suedseite - Coffee Roasters & Bakery";"56297";"2025-01-23";"EUR";"SUMUP";"1,00"
"Suedseite - Coffee Roasters & Bakery";"56297";"2025-01-23";"EUR";"SUMUP";"1,01"
"Suedseite - Coffee Roasters & Bakery";"56297";"2025-01-23";"EUR";"SUMUP";"1,35"
"Suedseite - Coffee Roasters & Bakery";"56297";"2025-01-23";"EUR";"SUMUP";"1,00"
"Suedseite - Coffee Roasters & Bakery";"56297";"2025-01-23";"EUR";"SUMUP";"1,00"
"Suedseite - Coffee Roasters & Bakery";"56297";"2025-01-23";"EUR";"SUMUP";"1,09"
"Suedseite - Coffee Roasters & Bakery";"56297";"2025-01-23";"EUR";"SUMUP";"1,43"
"Suedseite - Coffee Roasters & Bakery";"56297";"2025-01-23";"EUR";"SUMUP";"1,00"
"Suedseite - Coffee Roasters & Bakery";"56297";"2025-01-23";"EUR";"SUMUP";"1,00"
"Suedseite - Coffee Roasters & Bakery";"56297";"2025-01-23";"EUR";"SUMUP";"1,00"
"Suedseite - Coffee Roasters & Bakery";"56297";"2025-01-23";"EUR";"SUMUP";"1,00"
"Suedseite - Coffee Roasters & Bakery";"56297";"2025-01-23";"EUR";"SUMUP";"1,40"
"Suedseite - Coffee Roasters & Bakery";"56297";"2025-01-24";"EUR";"SUMUP";"1,10"
"Suedseite - Coffee Roasters & Bakery";"56297";"2025-01-24";"EUR";"SUMUP";"3,08"
"Suedseite - Coffee Roasters & Bakery";"56297";"2025-01-24";"EUR";"SUMUP";"1,00"
"Suedseite - Coffee Roasters & Bakery";"56297";"2025-01-24";"EUR";"SUMUP";"1,00"
"Suedseite - Coffee Roasters & Bakery";"56297";"2025-01-24";"EUR";"SUMUP";"1,00"
"Suedseite - Coffee Roasters & Bakery";"56297";"2025-01-24";"EUR";"SUMUP";"0,40"
"Suedseite - Coffee Roasters & Bakery";"56297";"2025-01-24";"EUR";"SUMUP";"1,00"
"Suedseite - Coffee Roasters & Bakery";"56297";"2025-01-24";"EUR";"SUMUP";"1,11"
"Suedseite - Coffee Roasters & Bakery";"56297";"2025-01-24";"EUR";"SUMUP";"1,00"
"Suedseite - Coffee Roasters & Bakery";"56297";"2025-01-24";"EUR";"SUMUP";"1,11"
"Suedseite - Coffee Roasters & Bakery";"56297";"2025-01-24";"EUR";"SUMUP";"2,94"
"Suedseite - Coffee Roasters & Bakery";"56297";"2025-01-24";"EUR";"SUMUP";"0,40"
"Suedseite - Coffee Roasters & Bakery";"56297";"2025-01-24";"EUR";"SUMUP";"1,00"
"Suedseite - Coffee Roasters & Bakery";"56297";"2025-01-24";"EUR";"SUMUP";"1,01"
"Suedseite - Coffee Roasters & Bakery";"56297";"2025-01-24";"EUR";"SUMUP";"1,90"
"Suedseite - Coffee Roasters & Bakery";"56297";"2025-01-24";"EUR";"SUMUP";"1,26"
"Suedseite - Coffee Roasters & Bakery";"56297";"2025-01-24";"EUR";"SUMUP";"1,05"
"Suedseite - Coffee Roasters & Bakery";"56297";"2025-01-24";"EUR";"SUMUP";"1,00"
"Suedseite - Coffee Roasters & Bakery";"56297";"2025-01-24";"EUR";"SUMUP";"1,26"
"Suedseite - Coffee Roasters & Bakery";"56297";"2025-01-24";"EUR";"SUMUP";"1,00"
"Suedseite - Coffee Roasters & Bakery";"56297";"2025-01-24";"EUR";"SUMUP";"1,25"
"Suedseite - Coffee Roasters & Bakery";"56297";"2025-01-24";"EUR";"SUMUP";"1,50"
"Suedseite - Coffee Roasters & Bakery";"56297";"2025-01-24";"EUR";"SUMUP";"1,12"
"Suedseite - Coffee Roasters & Bakery";"56297";"2025-01-24";"EUR";"SUMUP";"1,00"
"Suedseite - Coffee Roasters & Bakery";"56297";"2025-01-24";"EUR";"SUMUP";"1,47"
"Suedseite - Coffee Roasters & Bakery";"56297";"2025-01-25";"EUR";"SUMUP";"1,00"
"Suedseite - Coffee Roasters & Bakery";"56297";"2025-01-25";"EUR";"SUMUP";"1,00"
"Suedseite - Coffee Roasters & Bakery";"56297";"2025-01-25";"EUR";"SUMUP";"1,00"
"Suedseite - Coffee Roasters & Bakery";"56297";"2025-01-25";"EUR";"SUMUP";"1,00"
"Suedseite - Coffee Roasters & Bakery";"56297";"2025-01-25";"EUR";"SUMUP";"1,65"
"Suedseite - Coffee Roasters & Bakery";"56297";"2025-01-25";"EUR";"SUMUP";"1,00"
"Suedseite - Coffee Roasters & Bakery";"56297";"2025-01-25";"EUR";"SUMUP";"1,00"
"Suedseite - Coffee Roasters & Bakery";"56297";"2025-01-25";"EUR";"SUMUP";"1,34"
"Suedseite - Coffee Roasters & Bakery";"56297";"2025-01-25";"EUR";"SUMUP";"0,80"
"Suedseite - Coffee Roasters & Bakery";"56297";"2025-01-25";"EUR";"SUMUP";"1,39"
"Suedseite - Coffee Roasters & Bakery";"56297";"2025-01-25";"EUR";"SUMUP";"1,00"
"Suedseite - Coffee Roasters & Bakery";"56297";"2025-01-25";"EUR";"SUMUP";"1,00"
"Suedseite - Coffee Roasters & Bakery";"56297";"2025-01-25";"EUR";"SUMUP";"1,00"
"Suedseite - Coffee Roasters & Bakery";"56297";"2025-01-25";"EUR";"SUMUP";"1,06"
"Suedseite - Coffee Roasters & Bakery";"56297";"2025-01-25";"EUR";"SUMUP";"1,21"
"Suedseite - Coffee Roasters & Bakery";"56297";"2025-01-25";"EUR";"SUMUP";"1,08"
"Suedseite - Coffee Roasters & Bakery";"56297";"2025-01-25";"EUR";"SUMUP";"1,00"
"Suedseite - Coffee Roasters & Bakery";"56297";"2025-01-25";"EUR";"SUMUP";"1,00"
"Suedseite - Coffee Roasters & Bakery";"56297";"2025-01-25";"EUR";"SUMUP";"1,00"
"Suedseite - Coffee Roasters & Bakery";"56297";"2025-01-25";"EUR";"SUMUP";"2,00"
"Suedseite - Coffee Roasters & Bakery";"56297";"2025-01-25";"EUR";"SUMUP";"0,20"
"Suedseite - Coffee Roasters & Bakery";"56297";"2025-01-25";"EUR";"SUMUP";"1,00"
"Suedseite - Coffee Roasters & Bakery";"56297";"2025-01-25";"EUR";"SUMUP";"1,00"
"Suedseite - Coffee Roasters & Bakery";"56297";"2025-01-25";"EUR";"SUMUP";"1,00"
"Suedseite - Coffee Roasters & Bakery";"56297";"2025-01-25";"EUR";"SUMUP";"1,50"
"Suedseite - Coffee Roasters & Bakery";"56297";"2025-01-25";"EUR";"SUMUP";"1,48"
"Suedseite - Coffee Roasters & Bakery";"56297";"2025-01-25";"EUR";"SUMUP";"1,00"
"Suedseite - Coffee Roasters & Bakery";"56297";"2025-01-25";"EUR";"SUMUP";"2,04"
"Suedseite - Coffee Roasters & Bakery";"56297";"2025-01-25";"EUR";"SUMUP";"1,20"
"Suedseite - Coffee Roasters & Bakery";"56297";"2025-01-25";"EUR";"SUMUP";"1,58"
"Suedseite - Coffee Roasters & Bakery";"56297";"2025-01-25";"EUR";"SUMUP";"2,00"
"Suedseite - Coffee Roasters & Bakery";"56297";"2025-01-25";"EUR";"SUMUP";"1,02"
"Suedseite - Coffee Roasters & Bakery";"56297";"2025-01-25";"EUR";"SUMUP";"1,57"
"Suedseite - Coffee Roasters & Bakery";"56297";"2025-01-25";"EUR";"SUMUP";"1,20"
"Suedseite - Coffee Roasters & Bakery";"56297";"2025-01-25";"EUR";"SUMUP";"1,00"
"Suedseite - Coffee Roasters & Bakery";"56297";"2025-01-25";"EUR";"SUMUP";"1,62"
"Suedseite - Coffee Roasters & Bakery";"56297";"2025-01-25";"EUR";"SUMUP";"0,50"
"Suedseite - Coffee Roasters & Bakery";"56297";"2025-01-25";"EUR";"SUMUP";"1,00"
"Suedseite - Coffee Roasters & Bakery";"56297";"2025-01-25";"EUR";"SUMUP";"2,04"
"Suedseite - Coffee Roasters & Bakery";"56297";"2025-01-25";"EUR";"SUMUP";"1,00"
"Suedseite - Coffee Roasters & Bakery";"56297";"2025-01-25";"EUR";"SUMUP";"1,37"
"Suedseite - Coffee Roasters & Bakery";"56297";"2025-01-25";"EUR";"SUMUP";"1,00"
"Suedseite - Coffee Roasters & Bakery";"56297";"2025-01-25";"EUR";"SUMUP";"1,03"
"Suedseite - Coffee Roasters & Bakery";"56297";"2025-01-25";"EUR";"SUMUP";"1,66"
"Suedseite - Coffee Roasters & Bakery";"56297";"2025-01-25";"EUR";"SUMUP";"1,00"
"Suedseite - Coffee Roasters & Bakery";"56297";"2025-01-25";"EUR";"SUMUP";"1,00"
"Suedseite - Coffee Roasters & Bakery";"56297";"2025-01-25";"EUR";"SUMUP";"1,35"
"Suedseite - Coffee Roasters & Bakery";"56297";"2025-01-25";"EUR";"SUMUP";"1,17"
"Suedseite - Coffee Roasters & Bakery";"56297";"2025-01-25";"EUR";"SUMUP";"1,00"
"Suedseite - Coffee Roasters & Bakery";"56297";"2025-01-26";"EUR";"SUMUP";"1,00"
"Suedseite - Coffee Roasters & Bakery";"56297";"2025-01-26";"EUR";"SUMUP";"1,71"
"Suedseite - Coffee Roasters & Bakery";"56297";"2025-01-26";"EUR";"SUMUP";"1,00"
"Suedseite - Coffee Roasters & Bakery";"56297";"2025-01-26";"EUR";"SUMUP";"2,00"
"Suedseite - Coffee Roasters & Bakery";"56297";"2025-01-26";"EUR";"SUMUP";"1,00"
"Suedseite - Coffee Roasters & Bakery";"56297";"2025-01-26";"EUR";"SUMUP";"1,00"
"Suedseite - Coffee Roasters & Bakery";"56297";"2025-01-26";"EUR";"SUMUP";"1,00"
"Suedseite - Coffee Roasters & Bakery";"56297";"2025-01-26";"EUR";"SUMUP";"1,09"
"Suedseite - Coffee Roasters & Bakery";"56297";"2025-01-26";"EUR";"SUMUP";"1,52"
"Suedseite - Coffee Roasters & Bakery";"56297";"2025-01-26";"EUR";"SUMUP";"1,00"
"Suedseite - Coffee Roasters & Bakery";"56297";"2025-01-26";"EUR";"SUMUP";"2,00"
"Suedseite - Coffee Roasters & Bakery";"56297";"2025-01-26";"EUR";"SUMUP";"1,00"
"Suedseite - Coffee Roasters & Bakery";"56297";"2025-01-26";"EUR";"SUMUP";"1,56"
"Suedseite - Coffee Roasters & Bakery";"56297";"2025-01-26";"EUR";"SUMUP";"1,00"
"Suedseite - Coffee Roasters & Bakery";"56297";"2025-01-26";"EUR";"SUMUP";"1,53"
"Suedseite - Coffee Roasters & Bakery";"56297";"2025-01-26";"EUR";"SUMUP";"1,21"
"Suedseite - Coffee Roasters & Bakery";"56297";"2025-01-26";"EUR";"SUMUP";"1,13"
"Suedseite - Coffee Roasters & Bakery";"56297";"2025-01-26";"EUR";"SUMUP";"1,00"
"Suedseite - Coffee Roasters & Bakery";"56297";"2025-01-27";"EUR";"SUMUP";"1,00"
"Suedseite - Coffee Roasters & Bakery";"56297";"2025-01-27";"EUR";"SUMUP";"2,00"
"Suedseite - Coffee Roasters & Bakery";"56297";"2025-01-27";"EUR";"SUMUP";"0,40"
"Suedseite - Coffee Roasters & Bakery";"56297";"2025-01-27";"EUR";"SUMUP";"1,47"
"Suedseite - Coffee Roasters & Bakery";"56297";"2025-01-27";"EUR";"SUMUP";"1,00"
"Suedseite - Coffee Roasters & Bakery";"56297";"2025-01-27";"EUR";"SUMUP";"1,00"
"Suedseite - Coffee Roasters & Bakery";"56297";"2025-01-27";"EUR";"SUMUP";"1,00"
"Suedseite - Coffee Roasters & Bakery";"56297";"2025-01-27";"EUR";"SUMUP";"1,66"
"Suedseite - Coffee Roasters & Bakery";"56297";"2025-01-27";"EUR";"SUMUP";"1,00"
"Suedseite - Coffee Roasters & Bakery";"56297";"2025-01-27";"EUR";"SUMUP";"1,00"
"Suedseite - Coffee Roasters & Bakery";"56297";"2025-01-27";"EUR";"SUMUP";"1,00"
"Suedseite - Coffee Roasters & Bakery";"56297";"2025-01-27";"EUR";"SUMUP";"1,00"
"Suedseite - Coffee Roasters & Bakery";"56297";"2025-01-27";"EUR";"SUMUP";"1,00"
"Suedseite - Coffee Roasters & Bakery";"56297";"2025-01-27";"EUR";"SUMUP";"1,00"
"Suedseite - Coffee Roasters & Bakery";"56297";"2025-01-27";"EUR";"SUMUP";"1,00"
"Suedseite - Coffee Roasters & Bakery";"56297";"2025-01-28";"EUR";"SUMUP";"1,34"
"Suedseite - Coffee Roasters & Bakery";"56297";"2025-01-28";"EUR";"SUMUP";"1,00"
"Suedseite - Coffee Roasters & Bakery";"56297";"2025-01-28";"EUR";"SUMUP";"1,00"
"Suedseite - Coffee Roasters & Bakery";"56297";"2025-01-28";"EUR";"SUMUP";"1,00"
"Suedseite - Coffee Roasters & Bakery";"56297";"2025-01-28";"EUR";"SUMUP";"1,00"
"Suedseite - Coffee Roasters & Bakery";"56297";"2025-01-28";"EUR";"SUMUP";"1,35"
"Suedseite - Coffee Roasters & Bakery";"56297";"2025-01-28";"EUR";"SUMUP";"1,00"
"Suedseite - Coffee Roasters & Bakery";"56297";"2025-01-28";"EUR";"SUMUP";"1,00"
"Suedseite - Coffee Roasters & Bakery";"56297";"2025-01-28";"EUR";"SUMUP";"2,00"
"Suedseite - Coffee Roasters & Bakery";"56297";"2025-01-28";"EUR";"SUMUP";"1,09"
"Suedseite - Coffee Roasters & Bakery";"56297";"2025-01-28";"EUR";"SUMUP";"1,00"
"Suedseite - Coffee Roasters & Bakery";"56297";"2025-01-28";"EUR";"SUMUP";"1,00"
"Suedseite - Coffee Roasters & Bakery";"56297";"2025-01-28";"EUR";"SUMUP";"0,40"
"Suedseite - Coffee Roasters & Bakery";"56297";"2025-01-28";"EUR";"SUMUP";"1,00"
"Suedseite - Coffee Roasters & Bakery";"56297";"2025-01-29";"EUR";"SUMUP";"1,42"
"Suedseite - Coffee Roasters & Bakery";"56297";"2025-01-29";"EUR";"SUMUP";"0,78"
"Suedseite - Coffee Roasters & Bakery";"56297";"2025-01-29";"EUR";"SUMUP";"1,20"
"Suedseite - Coffee Roasters & Bakery";"56297";"2025-01-29";"EUR";"SUMUP";"1,00"
"Suedseite - Coffee Roasters & Bakery";"56297";"2025-01-29";"EUR";"SUMUP";"1,00"
"Suedseite - Coffee Roasters & Bakery";"56297";"2025-01-29";"EUR";"SUMUP";"1,00"
"Suedseite - Coffee Roasters & Bakery";"56297";"2025-01-29";"EUR";"SUMUP";"1,00"
"Suedseite - Coffee Roasters & Bakery";"56297";"2025-01-29";"EUR";"SUMUP";"1,00"
"Suedseite - Coffee Roasters & Bakery";"56297";"2025-01-29";"EUR";"SUMUP";"2,00"
"Suedseite - Coffee Roasters & Bakery";"56297";"2025-01-29";"EUR";"SUMUP";"1,38"
"Suedseite - Coffee Roasters & Bakery";"56297";"2025-01-29";"EUR";"SUMUP";"1,19"
"Suedseite - Coffee Roasters & Bakery";"56297";"2025-01-29";"EUR";"SUMUP";"1,00"
"Suedseite - Coffee Roasters & Bakery";"56297";"2025-01-29";"EUR";"SUMUP";"1,00"
"Suedseite - Coffee Roasters & Bakery";"56297";"2025-01-29";"EUR";"SUMUP";"1,00"
"Suedseite - Coffee Roasters & Bakery";"56297";"2025-01-29";"EUR";"SUMUP";"1,10"
"Suedseite - Coffee Roasters & Bakery";"56297";"2025-01-29";"EUR";"SUMUP";"1,16"
"Suedseite - Coffee Roasters & Bakery";"56297";"2025-01-29";"EUR";"SUMUP";"0,30"
"Suedseite - Coffee Roasters & Bakery";"56297";"2025-01-29";"EUR";"SUMUP";"0,40"
"Suedseite - Coffee Roasters & Bakery";"56297";"2025-01-29";"EUR";"SUMUP";"0,50"
"Suedseite - Coffee Roasters & Bakery";"56297";"2025-01-29";"EUR";"SUMUP";"1,00"
"Suedseite - Coffee Roasters & Bakery";"56297";"2025-01-30";"EUR";"SUMUP";"0,40"
"Suedseite - Coffee Roasters & Bakery";"56297";"2025-01-30";"EUR";"SUMUP";"1,00"
"Suedseite - Coffee Roasters & Bakery";"56297";"2025-01-30";"EUR";"SUMUP";"0,70"
"Suedseite - Coffee Roasters & Bakery";"56297";"2025-01-30";"EUR";"SUMUP";"1,16"
"Suedseite - Coffee Roasters & Bakery";"56297";"2025-01-30";"EUR";"SUMUP";"1,00"
"Suedseite - Coffee Roasters & Bakery";"56297";"2025-01-30";"EUR";"SUMUP";"1,00"
"Suedseite - Coffee Roasters & Bakery";"56297";"2025-01-30";"EUR";"SUMUP";"1,00"
"Suedseite - Coffee Roasters & Bakery";"56297";"2025-01-30";"EUR";"SUMUP";"2,11"
"Suedseite - Coffee Roasters & Bakery";"56297";"2025-01-30";"EUR";"SUMUP";"1,42"
"Suedseite - Coffee Roasters & Bakery";"56297";"2025-01-30";"EUR";"SUMUP";"1,00"
"Suedseite - Coffee Roasters & Bakery";"56297";"2025-01-30";"EUR";"SUMUP";"1,00"
"Suedseite - Coffee Roasters & Bakery";"56297";"2025-01-30";"EUR";"SUMUP";"1,00"
"Suedseite - Coffee Roasters & Bakery";"56297";"2025-01-30";"EUR";"SUMUP";"1,00"
"Suedseite - Coffee Roasters & Bakery";"56297";"2025-01-30";"EUR";"SUMUP";"1,00"
"Suedseite - Coffee Roasters & Bakery";"56297";"2025-01-30";"EUR";"SUMUP";"2,00"
"Suedseite - Coffee Roasters & Bakery";"56297";"2025-01-31";"EUR";"SUMUP";"0,60"
"Suedseite - Coffee Roasters & Bakery";"56297";"2025-01-31";"EUR";"SUMUP";"0,80"
"Suedseite - Coffee Roasters & Bakery";"56297";"2025-01-31";"EUR";"SUMUP";"1,00"
"Suedseite - Coffee Roasters & Bakery";"56297";"2025-01-31";"EUR";"SUMUP";"1,00"
"Suedseite - Coffee Roasters & Bakery";"56297";"2025-01-31";"EUR";"SUMUP";"1,00"
"Suedseite - Coffee Roasters & Bakery";"56297";"2025-01-31";"EUR";"SUMUP";"1,45"
"Suedseite - Coffee Roasters & Bakery";"56297";"2025-01-31";"EUR";"SUMUP";"1,00"
"Suedseite - Coffee Roasters & Bakery";"56297";"2025-01-31";"EUR";"SUMUP";"1,00"
"Suedseite - Coffee Roasters & Bakery";"56297";"2025-01-31";"EUR";"SUMUP";"1,63"
"Suedseite - Coffee Roasters & Bakery";"56297";"2025-01-31";"EUR";"SUMUP";"1,00"
"Suedseite - Coffee Roasters & Bakery";"56297";"2025-01-31";"EUR";"SUMUP";"1,00"
"Suedseite - Coffee Roasters & Bakery";"56297";"2025-01-31";"EUR";"SUMUP";"1,50"
"Suedseite - Coffee Roasters & Bakery";"56297";"2025-01-31";"EUR";"SUMUP";"1,37"
"Suedseite - Coffee Roasters & Bakery";"56297";"2025-01-31";"EUR";"SUMUP";"1,00"
"Suedseite - Coffee Roasters & Bakery";"56297";"2025-01-31";"EUR";"SUMUP";"1,00"
"Suedseite - Coffee Roasters & Bakery";"56297";"2025-01-31";"EUR";"SUMUP";"1,19"
"Suedseite - Coffee Roasters & Bakery";"56297";"2025-01-31";"EUR";"SUMUP";"1,00"
"Suedseite - Coffee Roasters & Bakery";"56297";"2025-01-31";"EUR";"SUMUP";"1,00"
"Suedseite - Coffee Roasters & Bakery";"56297";"2025-01-31";"EUR";"SUMUP";"0,50"
"Suedseite - Coffee Roasters & Bakery";"56297";"2025-01-31";"EUR";"SUMUP";"1,00"